,id,created_at_existing,updated_at_existing,updated_at_total_existing,updated_at_unit_existing,updated_at_seconds_existing,let_agreed_existing,created_at_new,updated_at_new,updated_at_total_new,updated_at_unit_new,updated_at_seconds_new,let_agreed_new,new_listing,let_agreed_ts,created_at,updated_at,updated_at_total,updated_at_unit
0,1370285,2022-04-19 22:54:47.925850+00:00,2022-04-19 22:54:47.925850,1,hours,1650405287,False,,,1,hours,1650405287,,False,,2022-04-19 22:54:47.925850+00:00,2022-04-19 22:54:47.925850,1,hours
1,1370353,2022-04-19 22:54:47.900918+00:00,2022-04-19 22:54:47.901914,1,hours,1650405287,False,,,1,hours,1650405287,,False,,2022-04-19 22:54:47.900918+00:00,2022-04-19 22:54:47.901914,1,hours
2,1370157,2022-04-19 22:54:47.876981+00:00,2022-04-19 22:54:47.876981,1,hours,1650405287,False,,,1,hours,1650405287,,False,,2022-04-19 22:54:47.876981+00:00,2022-04-19 22:54:47.876981,1,hours
3,1332493,2022-04-19 22:54:47.882965+00:00,2022-04-19 20:54:47.882965,3,hours,1650398087,False,2022-04-20 07:17:34.672381+00:00,2022-04-19 21:17:34.672381,11,hours,1650399454,False,False,True,2022-04-19 22:54:47.882965+00:00,2022-04-19 21:17:34.672381,11,hours
4,1359440,2022-04-19 22:54:48.049482+00:00,2022-04-19 17:54:48.049482,6,hours,1650387288,True,2022-04-20 07:17:34.825057+00:00,2022-04-19 18:17:34.826055,14,hours,1650388654,True,False,True,2022-04-19 22:54:48.049482+00:00,2022-04-19 18:17:34.826055,14,hours
5,1358165,2022-04-19 22:54:47.871960+00:00,2022-04-19 17:54:47.871960,6,hours,1650387287,False,,,6,hours,1650387287,,False,,2022-04-19 22:54:47.871960+00:00,2022-04-19 17:54:47.871960,6,hours
6,1336465,2022-04-19 22:54:48.065440+00:00,2022-04-19 16:54:48.066437,7,hours,1650383688,True,,,7,hours,1650383688,,False,,2022-04-19 22:54:48.065440+00:00,2022-04-19 16:54:48.066437,7,hours
7,1328652,2022-04-19 22:54:47.940787+00:00,2022-04-19 15:54:47.941807,8,hours,1650380087,False,,,8,hours,1650380087,,False,,2022-04-19 22:54:47.940787+00:00,2022-04-19 15:54:47.941807,8,hours
8,1355208,2022-04-19 22:54:47.926849+00:00,2022-04-19 15:54:47.926849,8,hours,1650380087,False,,,8,hours,1650380087,,False,,2022-04-19 22:54:47.926849+00:00,2022-04-19 15:54:47.926849,8,hours
9,1369790,2022-04-19 22:54:47.953777+00:00,2022-04-19 14:54:47.953777,9,hours,1650376487,False,,,9,hours,1650376487,,False,,2022-04-19 22:54:47.953777+00:00,2022-04-19 14:54:47.953777,9,hours
10,1307225,2022-04-19 22:54:47.928842+00:00,2022-04-19 14:54:47.929806,9,hours,1650376487,False,2022-04-20 07:17:34.612394+00:00,2022-04-19 14:17:34.613391,18,hours,1650374254,False,False,True,2022-04-19 22:54:47.928842+00:00,2022-04-19 14:54:47.929806,9,hours
11,1358341,2022-04-19 22:54:48.030572+00:00,2022-04-19 13:54:48.030572,10,hours,1650372888,True,2022-04-20 07:17:34.785168+00:00,2022-04-19 14:17:34.786166,18,hours,1650374254,True,False,True,2022-04-19 22:54:48.030572+00:00,2022-04-19 14:17:34.786166,18,hours
12,1369606,2022-04-19 22:54:48.021559+00:00,2022-04-19 11:54:48.021559,12,hours,1650365688,False,,,12,hours,1650365688,,False,,2022-04-19 22:54:48.021559+00:00,2022-04-19 11:54:48.021559,12,hours
13,1369613,2022-04-19 22:54:47.998619+00:00,2022-04-19 11:54:47.999616,12,hours,1650365688,False,2022-04-20 07:17:34.695300+00:00,2022-04-19 11:17:34.696302,21,hours,1650363454,False,False,True,2022-04-19 22:54:47.998619+00:00,2022-04-19 11:54:47.999616,12,hours
14,739115,2022-04-19 22:54:47.921824+00:00,2022-04-19 10:54:47.921824,13,hours,1650362087,False,,,13,hours,1650362087,,False,,2022-04-19 22:54:47.921824+00:00,2022-04-19 10:54:47.921824,13,hours
15,1264301,2022-04-19 22:54:48.069429+00:00,2022-04-18 23:54:48.069429,1,days,1650322488,True,2022-04-20 07:17:34.799193+00:00,2022-04-18 08:17:34.799193,2,days,1650266254,True,False,True,2022-04-19 22:54:48.069429+00:00,2022-04-18 23:54:48.069429,1,days
16,1351024,2022-04-19 22:54:48.051478+00:00,2022-04-18 23:54:48.051478,1,days,1650322488,True,,,1,days,1650322488,,False,,2022-04-19 22:54:48.051478+00:00,2022-04-18 23:54:48.051478,1,days
17,1369323,2022-04-19 22:54:48.014579+00:00,2022-04-18 23:54:48.015577,1,days,1650322488,False,,,1,days,1650322488,,False,,2022-04-19 22:54:48.014579+00:00,2022-04-18 23:54:48.015577,1,days
18,1368719,2022-04-19 22:54:47.992676+00:00,2022-04-18 23:54:47.993675,1,days,1650322487,False,2022-04-20 07:17:34.592414+00:00,2022-04-19 08:17:34.593411,1,days,1650352654,False,False,True,2022-04-19 22:54:47.992676+00:00,2022-04-19 08:17:34.593411,1,days
19,1369118,2022-04-19 22:54:47.922859+00:00,2022-04-18 23:54:47.922859,1,days,1650322487,False,,,1,days,1650322487,,False,,2022-04-19 22:54:47.922859+00:00,2022-04-18 23:54:47.922859,1,days
20,1366965,2022-04-19 22:54:47.919829+00:00,2022-04-18 23:54:47.920827,1,days,1650322487,False,2022-04-20 07:17:34.621371+00:00,2022-04-18 08:17:34.621371,2,days,1650266254,False,False,True,2022-04-19 22:54:47.919829+00:00,2022-04-18 23:54:47.920827,1,days
21,1334908,2022-04-19 22:54:47.917834+00:00,2022-04-18 23:54:47.917834,1,days,1650322487,False,,,1,days,1650322487,,False,,2022-04-19 22:54:47.917834+00:00,2022-04-18 23:54:47.917834,1,days
22,1369034,2022-04-19 22:54:47.915840+00:00,2022-04-18 23:54:47.916837,1,days,1650322487,False,,,1,days,1650322487,,False,,2022-04-19 22:54:47.915840+00:00,2022-04-18 23:54:47.916837,1,days
23,1369390,2022-04-19 22:54:47.914843+00:00,2022-04-18 23:54:47.914843,1,days,1650322487,False,2022-04-20 07:17:34.596403+00:00,2022-04-19 08:17:34.597400,1,days,1650352654,False,False,True,2022-04-19 22:54:47.914843+00:00,2022-04-19 08:17:34.597400,1,days
24,1368688,2022-04-19 22:54:47.913845+00:00,2022-04-18 23:54:47.913845,1,days,1650322487,False,,,1,days,1650322487,,False,,2022-04-19 22:54:47.913845+00:00,2022-04-18 23:54:47.913845,1,days
25,1361584,2022-04-19 22:54:48.075414+00:00,2022-04-17 23:54:48.075414,2,days,1650236088,True,2022-04-20 07:17:34.782145+00:00,2022-04-18 08:17:34.783146,2,days,1650266254,True,False,True,2022-04-19 22:54:48.075414+00:00,2022-04-18 08:17:34.783146,2,days
26,1345989,2022-04-19 22:54:48.068432+00:00,2022-04-17 23:54:48.068432,2,days,1650236088,True,2022-04-20 07:17:34.715247+00:00,2022-04-18 08:17:34.716244,2,days,1650266254,True,False,True,2022-04-19 22:54:48.068432+00:00,2022-04-18 08:17:34.716244,2,days
27,1357318,2022-04-19 22:54:48.060455+00:00,2022-04-17 23:54:48.060455,2,days,1650236088,True,,,2,days,1650236088,,False,,2022-04-19 22:54:48.060455+00:00,2022-04-17 23:54:48.060455,2,days
28,1151177,2022-04-19 22:54:48.058460+00:00,2022-04-17 23:54:48.058460,2,days,1650236088,True,,,2,days,1650236088,,False,,2022-04-19 22:54:48.058460+00:00,2022-04-17 23:54:48.058460,2,days
29,1365199,2022-04-19 22:54:48.038514+00:00,2022-04-17 23:54:48.039512,2,days,1650236088,True,2022-04-20 07:17:34.794265+00:00,2022-04-18 08:17:34.794265,2,days,1650266254,True,False,True,2022-04-19 22:54:48.038514+00:00,2022-04-18 08:17:34.794265,2,days
30,1359259,2022-04-19 22:54:47.934829+00:00,2022-04-17 23:54:47.935825,2,days,1650236087,False,,,2,days,1650236087,,False,,2022-04-19 22:54:47.934829+00:00,2022-04-17 23:54:47.935825,2,days
31,608080,2022-04-19 22:54:48.080400+00:00,2022-04-16 23:54:48.080400,3,days,1650149688,True,,,3,days,1650149688,,False,,2022-04-19 22:54:48.080400+00:00,2022-04-16 23:54:48.080400,3,days
32,1356098,2022-04-19 22:54:48.028575+00:00,2022-04-16 23:54:48.029538,3,days,1650149688,True,,,3,days,1650149688,,False,,2022-04-19 22:54:48.028575+00:00,2022-04-16 23:54:48.029538,3,days
33,1354439,2022-04-19 22:54:47.974684+00:00,2022-04-16 23:54:47.975682,3,days,1650149687,False,,,3,days,1650149687,,False,,2022-04-19 22:54:47.974684+00:00,2022-04-16 23:54:47.975682,3,days
34,1359255,2022-04-19 22:54:47.931834+00:00,2022-04-16 23:54:47.932832,3,days,1650149687,False,,,3,days,1650149687,,False,,2022-04-19 22:54:47.931834+00:00,2022-04-16 23:54:47.932832,3,days
35,1364173,2022-04-19 22:54:47.879974+00:00,2022-04-16 23:54:47.879974,3,days,1650149687,False,2022-04-20 07:17:34.675333+00:00,2022-04-20 06:17:34.676331,2,hours,1650431854,False,False,True,2022-04-19 22:54:47.879974+00:00,2022-04-20 06:17:34.676331,2,hours
36,1357324,2022-04-19 22:54:48.071424+00:00,2022-04-15 23:54:48.071424,4,days,1650063288,True,2022-04-20 07:17:34.719236+00:00,2022-04-16 08:17:34.719236,4,days,1650093454,True,False,True,2022-04-19 22:54:48.071424+00:00,2022-04-16 08:17:34.719236,4,days
37,1100541,2022-04-19 22:54:47.995630+00:00,2022-04-15 23:54:47.996666,4,days,1650063287,False,,,4,days,1650063287,,False,,2022-04-19 22:54:47.995630+00:00,2022-04-15 23:54:47.996666,4,days
38,1365885,2022-04-19 22:54:47.943802+00:00,2022-04-15 23:54:47.944764,4,days,1650063287,False,,,4,days,1650063287,,False,,2022-04-19 22:54:47.943802+00:00,2022-04-15 23:54:47.944764,4,days
39,1289506,2022-04-19 22:54:47.897926+00:00,2022-04-15 23:54:47.898922,4,days,1650063287,False,,,4,days,1650063287,,False,,2022-04-19 22:54:47.897926+00:00,2022-04-15 23:54:47.898922,4,days
40,1367825,2022-04-19 22:54:47.877977+00:00,2022-04-15 23:54:47.877977,4,days,1650063287,False,,,4,days,1650063287,,False,,2022-04-19 22:54:47.877977+00:00,2022-04-15 23:54:47.877977,4,days
41,1363018,2022-04-19 22:54:48.056464+00:00,2022-04-14 23:54:48.057462,5,days,1649976888,True,,,5,days,1649976888,,False,,2022-04-19 22:54:48.056464+00:00,2022-04-14 23:54:48.057462,5,days
42,1364280,2022-04-19 22:54:48.054470+00:00,2022-04-14 23:54:48.054470,5,days,1649976888,True,,,5,days,1649976888,,False,,2022-04-19 22:54:48.054470+00:00,2022-04-14 23:54:48.054470,5,days
43,1361946,2022-04-19 22:54:48.042538+00:00,2022-04-14 23:54:48.043534,5,days,1649976888,True,2022-04-20 07:17:34.801188+00:00,2022-04-15 08:17:34.801188,5,days,1650007054,True,False,True,2022-04-19 22:54:48.042538+00:00,2022-04-15 08:17:34.801188,5,days
44,1367476,2022-04-19 22:54:48.001611+00:00,2022-04-14 23:54:48.002609,5,days,1649976888,False,2022-04-20 07:17:34.661410+00:00,2022-04-15 08:17:34.662409,5,days,1650007054,False,False,True,2022-04-19 22:54:48.001611+00:00,2022-04-15 08:17:34.662409,5,days
45,1365150,2022-04-19 22:54:47.970735+00:00,2022-04-14 23:54:47.970735,5,days,1649976887,False,,,5,days,1649976887,,False,,2022-04-19 22:54:47.970735+00:00,2022-04-14 23:54:47.970735,5,days
46,1365184,2022-04-19 22:54:47.950786+00:00,2022-04-14 23:54:47.951780,5,days,1649976887,False,,,5,days,1649976887,,False,,2022-04-19 22:54:47.950786+00:00,2022-04-14 23:54:47.951780,5,days
47,1364943,2022-04-19 22:54:47.909897+00:00,2022-04-14 23:54:47.909897,5,days,1649976887,False,,,5,days,1649976887,,False,,2022-04-19 22:54:47.909897+00:00,2022-04-14 23:54:47.909897,5,days
48,1359731,2022-04-19 22:54:47.887951+00:00,2022-04-14 23:54:47.888948,5,days,1649976887,False,2022-04-20 07:17:34.645424+00:00,2022-04-15 08:17:34.646318,5,days,1650007054,False,False,True,2022-04-19 22:54:47.887951+00:00,2022-04-15 08:17:34.646318,5,days
49,1359567,2022-04-19 22:54:48.077410+00:00,2022-04-13 23:54:48.077410,6,days,1649890488,True,,,6,days,1649890488,,False,,2022-04-19 22:54:48.077410+00:00,2022-04-13 23:54:48.077410,6,days
50,1340956,2022-04-19 22:54:48.045530+00:00,2022-04-13 23:54:48.045530,6,days,1649890488,True,2022-04-20 07:17:34.827052+00:00,2022-04-14 08:17:34.827052,6,days,1649920654,True,False,True,2022-04-19 22:54:48.045530+00:00,2022-04-14 08:17:34.827052,6,days
51,1366601,2022-04-19 22:54:48.040508+00:00,2022-04-13 23:54:48.040508,6,days,1649890488,True,,,6,days,1649890488,,False,,2022-04-19 22:54:48.040508+00:00,2022-04-13 23:54:48.040508,6,days
52,1307209,2022-04-19 22:54:48.031533+00:00,2022-04-13 23:54:48.032532,6,days,1649890488,True,,,6,days,1649890488,,False,,2022-04-19 22:54:48.031533+00:00,2022-04-13 23:54:48.032532,6,days
53,1358905,2022-04-19 22:54:48.026580+00:00,2022-04-13 23:54:48.026580,6,days,1649890488,True,2022-04-20 07:17:34.821088+00:00,2022-04-14 08:17:34.821088,6,days,1649920654,True,False,True,2022-04-19 22:54:48.026580+00:00,2022-04-14 08:17:34.821088,6,days
54,1327677,2022-04-19 22:54:47.987689+00:00,2022-04-13 23:54:47.987689,6,days,1649890487,False,,,6,days,1649890487,,False,,2022-04-19 22:54:47.987689+00:00,2022-04-13 23:54:47.987689,6,days
55,1366874,2022-04-19 22:54:47.972730+00:00,2022-04-13 23:54:47.972730,6,days,1649890487,False,,,6,days,1649890487,,False,,2022-04-19 22:54:47.972730+00:00,2022-04-13 23:54:47.972730,6,days
56,1365275,2022-04-19 22:54:47.959724+00:00,2022-04-13 23:54:47.959724,6,days,1649890487,False,,,6,days,1649890487,,False,,2022-04-19 22:54:47.959724+00:00,2022-04-13 23:54:47.959724,6,days
57,1347976,2022-04-19 22:54:47.895895+00:00,2022-04-13 23:54:47.895895,6,days,1649890487,False,,,6,days,1649890487,,False,,2022-04-19 22:54:47.895895+00:00,2022-04-13 23:54:47.895895,6,days
58,1303672,2022-04-19 22:54:47.873991+00:00,2022-04-13 23:54:47.873991,6,days,1649890487,False,,,6,days,1649890487,,False,,2022-04-19 22:54:47.873991+00:00,2022-04-13 23:54:47.873991,6,days
59,1318772,2022-04-19 22:54:48.081398+00:00,2022-04-12 23:54:48.082396,1,weeks,1649804088,True,,,1,weeks,1649804088,,False,,2022-04-19 22:54:48.081398+00:00,2022-04-12 23:54:48.082396,1,weeks
60,1356257,2022-04-19 22:54:48.078407+00:00,2022-04-12 23:54:48.078407,1,weeks,1649804088,True,,,1,weeks,1649804088,,False,,2022-04-19 22:54:48.078407+00:00,2022-04-12 23:54:48.078407,1,weeks
61,1352442,2022-04-19 22:54:48.074420+00:00,2022-04-12 23:54:48.074420,1,weeks,1649804088,True,,,1,weeks,1649804088,,False,,2022-04-19 22:54:48.074420+00:00,2022-04-12 23:54:48.074420,1,weeks
62,1347372,2022-04-19 22:54:48.072421+00:00,2022-04-12 23:54:48.072421,1,weeks,1649804088,True,,,1,weeks,1649804088,,False,,2022-04-19 22:54:48.072421+00:00,2022-04-12 23:54:48.072421,1,weeks
63,1360483,2022-04-19 22:54:48.070426+00:00,2022-04-12 23:54:48.070426,1,weeks,1649804088,True,,,1,weeks,1649804088,,False,,2022-04-19 22:54:48.070426+00:00,2022-04-12 23:54:48.070426,1,weeks
64,1307222,2022-04-19 22:54:48.067435+00:00,2022-04-12 23:54:48.067435,1,weeks,1649804088,True,2022-04-20 07:17:34.807174+00:00,2022-04-13 08:17:34.807174,1,weeks,1649834254,True,False,True,2022-04-19 22:54:48.067435+00:00,2022-04-13 08:17:34.807174,1,weeks
65,1354312,2022-04-19 22:54:48.064443+00:00,2022-04-12 23:54:48.065440,1,weeks,1649804088,True,,,1,weeks,1649804088,,False,,2022-04-19 22:54:48.064443+00:00,2022-04-12 23:54:48.065440,1,weeks
66,1356227,2022-04-19 22:54:48.062448+00:00,2022-04-12 23:54:48.063445,1,weeks,1649804088,True,,,1,weeks,1649804088,,False,,2022-04-19 22:54:48.062448+00:00,2022-04-12 23:54:48.063445,1,weeks
67,1360561,2022-04-19 22:54:48.061451+00:00,2022-04-12 23:54:48.062448,1,weeks,1649804088,True,,,1,weeks,1649804088,,False,,2022-04-19 22:54:48.061451+00:00,2022-04-12 23:54:48.062448,1,weeks
68,1328946,2022-04-19 22:54:48.048485+00:00,2022-04-12 23:54:48.048485,1,weeks,1649804088,True,2022-04-20 07:17:34.822927+00:00,2022-04-13 08:17:34.822927,1,weeks,1649834254,True,False,True,2022-04-19 22:54:48.048485+00:00,2022-04-13 08:17:34.822927,1,weeks
69,1343597,2022-04-19 22:54:48.047488+00:00,2022-04-12 23:54:48.047488,1,weeks,1649804088,True,,,1,weeks,1649804088,,False,,2022-04-19 22:54:48.047488+00:00,2022-04-12 23:54:48.047488,1,weeks
70,1365078,2022-04-19 22:54:48.043534+00:00,2022-04-12 23:54:48.044533,1,weeks,1649804088,True,,,1,weeks,1649804088,,False,,2022-04-19 22:54:48.043534+00:00,2022-04-12 23:54:48.044533,1,weeks
71,1345814,2022-04-19 22:54:48.041542+00:00,2022-04-12 23:54:48.041542,1,weeks,1649804088,True,,,1,weeks,1649804088,,False,,2022-04-19 22:54:48.041542+00:00,2022-04-12 23:54:48.041542,1,weeks
72,1348255,2022-04-19 22:54:48.037517+00:00,2022-04-12 23:54:48.037517,1,weeks,1649804088,True,,,1,weeks,1649804088,,False,,2022-04-19 22:54:48.037517+00:00,2022-04-12 23:54:48.037517,1,weeks
73,1362929,2022-04-19 22:54:48.036519+00:00,2022-04-12 23:54:48.036519,1,weeks,1649804088,True,,,1,weeks,1649804088,,False,,2022-04-19 22:54:48.036519+00:00,2022-04-12 23:54:48.036519,1,weeks
74,1318368,2022-04-19 22:54:48.035522+00:00,2022-04-12 23:54:48.035522,1,weeks,1649804088,True,,,1,weeks,1649804088,,False,,2022-04-19 22:54:48.035522+00:00,2022-04-12 23:54:48.035522,1,weeks
75,1363841,2022-04-19 22:54:48.034525+00:00,2022-04-12 23:54:48.034525,1,weeks,1649804088,True,,,1,weeks,1649804088,,False,,2022-04-19 22:54:48.034525+00:00,2022-04-12 23:54:48.034525,1,weeks
76,1337953,2022-04-19 22:54:48.033528+00:00,2022-04-12 23:54:48.033528,1,weeks,1649804088,True,,,1,weeks,1649804088,,False,,2022-04-19 22:54:48.033528+00:00,2022-04-12 23:54:48.033528,1,weeks
77,1348498,2022-04-19 22:54:48.027578+00:00,2022-04-12 23:54:48.027578,1,weeks,1649804088,True,2022-04-20 07:17:34.813079+00:00,2022-04-13 08:17:34.814102,1,weeks,1649834254,True,False,True,2022-04-19 22:54:48.027578+00:00,2022-04-13 08:17:34.814102,1,weeks
78,1318747,2022-04-19 22:54:48.024586+00:00,2022-04-12 23:54:48.024586,1,weeks,1649804088,False,,,1,weeks,1649804088,,False,,2022-04-19 22:54:48.024586+00:00,2022-04-12 23:54:48.024586,1,weeks
79,1361874,2022-04-19 22:54:48.022557+00:00,2022-04-12 23:54:48.022557,1,weeks,1649804088,False,,,1,weeks,1649804088,,False,,2022-04-19 22:54:48.022557+00:00,2022-04-12 23:54:48.022557,1,weeks
80,1345589,2022-04-19 22:54:48.019565+00:00,2022-04-12 23:54:48.020562,1,weeks,1649804088,False,2022-04-20 07:17:34.605413+00:00,2022-04-13 08:17:34.606410,1,weeks,1649834254,False,False,True,2022-04-19 22:54:48.019565+00:00,2022-04-13 08:17:34.606410,1,weeks
81,1333239,2022-04-19 22:54:48.017570+00:00,2022-04-12 23:54:48.017570,1,weeks,1649804088,False,2022-04-20 07:17:34.683312+00:00,2022-04-13 08:17:34.683312,1,weeks,1649834254,False,False,True,2022-04-19 22:54:48.017570+00:00,2022-04-13 08:17:34.683312,1,weeks
82,1365967,2022-04-19 22:54:48.013615+00:00,2022-04-12 23:54:48.013615,1,weeks,1649804088,False,2022-04-20 07:17:34.565543+00:00,2022-04-13 08:17:34.566539,1,weeks,1649834254,False,False,True,2022-04-19 22:54:48.013615+00:00,2022-04-13 08:17:34.566539,1,weeks
83,1362056,2022-04-19 22:54:48.011621+00:00,2022-04-12 23:54:48.011621,1,weeks,1649804088,False,2022-04-20 07:17:34.562550+00:00,2022-04-13 08:17:34.563547,1,weeks,1649834254,False,False,True,2022-04-19 22:54:48.011621+00:00,2022-04-13 08:17:34.563547,1,weeks
84,1361556,2022-04-19 22:54:48.010624+00:00,2022-04-12 23:54:48.010624,1,weeks,1649804088,False,2022-04-20 07:17:34.559558+00:00,2022-04-13 08:17:34.559558,1,weeks,1649834254,False,False,True,2022-04-19 22:54:48.010624+00:00,2022-04-13 08:17:34.559558,1,weeks
85,1361538,2022-04-19 22:54:48.008594+00:00,2022-04-12 23:54:48.008594,1,weeks,1649804088,False,2022-04-20 07:17:34.556566+00:00,2022-04-13 08:17:34.556566,1,weeks,1649834254,False,False,True,2022-04-19 22:54:48.008594+00:00,2022-04-13 08:17:34.556566,1,weeks
86,1363100,2022-04-19 22:54:48.004603+00:00,2022-04-12 23:54:48.005600,1,weeks,1649804088,False,2022-04-20 07:17:34.508736+00:00,2022-04-13 08:17:34.509733,1,weeks,1649834254,False,False,True,2022-04-19 22:54:48.004603+00:00,2022-04-13 08:17:34.509733,1,weeks
87,1366090,2022-04-19 22:54:47.984699+00:00,2022-04-12 23:54:47.984699,1,weeks,1649804087,False,2022-04-20 07:17:34.528683+00:00,2022-04-13 08:17:34.529680,1,weeks,1649834254,False,False,True,2022-04-19 22:54:47.984699+00:00,2022-04-13 08:17:34.529680,1,weeks
88,1151691,2022-04-19 22:54:47.964752+00:00,2022-04-12 23:54:47.964752,1,weeks,1649804087,False,,,1,weeks,1649804087,,False,,2022-04-19 22:54:47.964752+00:00,2022-04-12 23:54:47.964752,1,weeks
89,1363816,2022-04-19 22:54:47.961719+00:00,2022-04-12 23:54:47.961719,1,weeks,1649804087,False,,,1,weeks,1649804087,,False,,2022-04-19 22:54:47.961719+00:00,2022-04-12 23:54:47.961719,1,weeks
90,1363862,2022-04-19 22:54:47.956768+00:00,2022-04-12 23:54:47.956768,1,weeks,1649804087,False,,,1,weeks,1649804087,,False,,2022-04-19 22:54:47.956768+00:00,2022-04-12 23:54:47.956768,1,weeks
91,1362888,2022-04-19 22:54:47.937819+00:00,2022-04-12 23:54:47.938816,1,weeks,1649804087,False,,,1,weeks,1649804087,,False,,2022-04-19 22:54:47.937819+00:00,2022-04-12 23:54:47.938816,1,weeks
92,808711,2022-04-19 22:54:47.918833+00:00,2022-04-12 23:54:47.919829,1,weeks,1649804087,False,,,1,weeks,1649804087,,False,,2022-04-19 22:54:47.918833+00:00,2022-04-12 23:54:47.919829,1,weeks
93,1358675,2022-04-19 22:54:47.911888+00:00,2022-04-12 23:54:47.911888,1,weeks,1649804087,False,,,1,weeks,1649804087,,False,,2022-04-19 22:54:47.911888+00:00,2022-04-12 23:54:47.911888,1,weeks
94,1365785,2022-04-19 22:54:47.890943+00:00,2022-04-12 23:54:47.891941,1,weeks,1649804087,False,2022-04-20 07:17:34.665404+00:00,2022-04-13 08:17:34.666397,1,weeks,1649834254,False,False,True,2022-04-19 22:54:47.890943+00:00,2022-04-13 08:17:34.666397,1,weeks
95,1364168,2022-04-19 22:54:47.885956+00:00,2022-04-12 23:54:47.885956,1,weeks,1649804087,False,2022-04-20 07:17:34.686304+00:00,2022-04-13 08:17:34.686304,1,weeks,1649834254,False,False,True,2022-04-19 22:54:47.885956+00:00,2022-04-13 08:17:34.686304,1,weeks
96,1358222,2022-04-19 22:54:48.025584+00:00,2022-04-05 23:54:48.025584,2,weeks,1649199288,False,,,2,weeks,1649199288,,False,,2022-04-19 22:54:48.025584+00:00,2022-04-05 23:54:48.025584,2,weeks
97,1340924,2022-04-19 22:54:48.018568+00:00,2022-04-05 23:54:48.019565,2,weeks,1649199288,False,,,2,weeks,1649199288,,False,,2022-04-19 22:54:48.018568+00:00,2022-04-05 23:54:48.019565,2,weeks
98,1356266,2022-04-19 22:54:48.016573+00:00,2022-04-05 23:54:48.016573,2,weeks,1649199288,False,2022-04-20 07:17:34.569538+00:00,2022-04-06 08:17:34.570027,2,weeks,1649229454,False,False,True,2022-04-19 22:54:48.016573+00:00,2022-04-06 08:17:34.570027,2,weeks
99,1323787,2022-04-19 22:54:47.976679+00:00,2022-04-05 23:54:47.976679,2,weeks,1649199287,False,2022-04-20 07:17:34.516715+00:00,2022-04-06 08:17:34.517722,2,weeks,1649229454,False,False,True,2022-04-19 22:54:47.976679+00:00,2022-04-06 08:17:34.517722,2,weeks
100,1358323,2022-04-19 22:54:47.973688+00:00,2022-04-05 23:54:47.973688,2,weeks,1649199287,False,,,2,weeks,1649199287,,False,,2022-04-19 22:54:47.973688+00:00,2022-04-05 23:54:47.973688,2,weeks
101,1359863,2022-04-19 22:54:47.967743+00:00,2022-04-05 23:54:47.968741,2,weeks,1649199287,False,,,2,weeks,1649199287,,False,,2022-04-19 22:54:47.967743+00:00,2022-04-05 23:54:47.968741,2,weeks
102,1358128,2022-04-19 22:54:47.927844+00:00,2022-04-05 23:54:47.927844,2,weeks,1649199287,False,2022-04-20 07:17:34.624361+00:00,2022-04-06 08:17:34.625358,2,weeks,1649229454,False,False,True,2022-04-19 22:54:47.927844+00:00,2022-04-06 08:17:34.625358,2,weeks
103,1360862,2022-04-19 22:54:47.923855+00:00,2022-04-05 23:54:47.924853,2,weeks,1649199287,False,,,2,weeks,1649199287,,False,,2022-04-19 22:54:47.923855+00:00,2022-04-05 23:54:47.924853,2,weeks
104,1360299,2022-04-19 22:54:47.906900+00:00,2022-04-05 23:54:47.906900,2,weeks,1649199287,False,2022-04-20 07:17:34.599399+00:00,2022-04-06 08:17:34.599399,2,weeks,1649229454,False,False,True,2022-04-19 22:54:47.906900+00:00,2022-04-06 08:17:34.599399,2,weeks
105,1353812,2022-04-19 22:54:47.903909+00:00,2022-04-05 23:54:47.904907,2,weeks,1649199287,False,,,2,weeks,1649199287,,False,,2022-04-19 22:54:47.903909+00:00,2022-04-05 23:54:47.904907,2,weeks
106,1357840,2022-04-19 22:54:47.893935+00:00,2022-04-05 23:54:47.894896,2,weeks,1649199287,False,,,2,weeks,1649199287,,False,,2022-04-19 22:54:47.893935+00:00,2022-04-05 23:54:47.894896,2,weeks
107,1334117,2022-04-19 22:54:47.989685+00:00,2022-03-29 23:54:47.990684,3,weeks,1648594487,False,,,3,weeks,1648594487,,False,,2022-04-19 22:54:47.989685+00:00,2022-03-29 23:54:47.990684,3,weeks
108,1329130,2022-04-19 22:54:47.978674+00:00,2022-03-29 23:54:47.978674,3,weeks,1648594487,False,2022-04-20 07:17:34.521704+00:00,2022-03-30 08:17:34.521704,3,weeks,1648624654,False,False,True,2022-04-19 22:54:47.978674+00:00,2022-03-30 08:17:34.521704,3,weeks
109,1343113,2022-04-19 22:54:47.944764+00:00,2022-03-29 23:54:47.945798,3,weeks,1648594487,False,,,3,weeks,1648594487,,False,,2022-04-19 22:54:47.944764+00:00,2022-03-29 23:54:47.945798,3,weeks
110,1329138,2022-04-19 22:54:47.981665+00:00,2022-03-19 23:54:47.981665,1,months,1647734087,False,2022-04-20 07:17:34.524693+00:00,2022-03-20 08:17:34.525690,1,months,1647764254,False,False,True,2022-04-19 22:54:47.981665+00:00,2022-03-20 08:17:34.525690,1,months
111,1347069,2022-04-19 22:54:47.947756+00:00,2022-03-19 23:54:47.947756,1,months,1647734087,False,,,1,months,1647734087,,False,,2022-04-19 22:54:47.947756+00:00,2022-03-19 23:54:47.947756,1,months
112,1346631,2022-04-19 22:54:47.874986+00:00,2022-03-19 23:54:47.875982,1,months,1647734087,False,,,1,months,1647734087,,False,,2022-04-19 22:54:47.874986+00:00,2022-03-19 23:54:47.875982,1,months
113,1320074,2022-04-19 22:54:48.007595+00:00,2022-02-19 23:54:48.007595,2,months,1645314888,False,,,2,months,1645314888,,False,,2022-04-19 22:54:48.007595+00:00,2022-02-19 23:54:48.007595,2,months
114,1370518,,,2,hours,1650431854,,2022-04-20 07:17:34.679323+00:00,2022-04-20 06:17:34.680320,2,hours,1650431854,False,True,,2022-04-20 07:17:34.679323+00:00,,2,hours
115,1370344,,,9,hours,1650406654,,2022-04-20 07:17:34.601389+00:00,2022-04-19 23:17:34.602417,9,hours,1650406654,False,True,,2022-04-20 07:17:34.601389+00:00,,9,hours
116,1328938,,,10,hours,1650403054,,2022-04-20 07:17:34.791152+00:00,2022-04-19 22:17:34.792177,10,hours,1650403054,True,True,,2022-04-20 07:17:34.791152+00:00,,10,hours
117,1369880,,,18,hours,1650374254,,2022-04-20 07:17:34.553573+00:00,2022-04-19 14:17:34.553573,18,hours,1650374254,False,True,,2022-04-20 07:17:34.553573+00:00,,18,hours
118,1353374,,,18,hours,1650374254,,2022-04-20 07:17:34.513722+00:00,2022-04-19 14:17:34.513722,18,hours,1650374254,False,True,,2022-04-20 07:17:34.513722+00:00,,18,hours
119,1364160,,,23,hours,1650356254,,2022-04-20 07:17:34.774137+00:00,2022-04-19 09:17:34.775140,23,hours,1650356254,True,True,,2022-04-20 07:17:34.774137+00:00,,23,hours
120,1361068,,,1,days,1650352654,,2022-04-20 07:17:34.722228+00:00,2022-04-19 08:17:34.722228,1,days,1650352654,True,True,,2022-04-20 07:17:34.722228+00:00,,1,days
121,1368927,,,1,days,1650352654,,2022-04-20 07:17:34.608404+00:00,2022-04-19 08:17:34.609402,1,days,1650352654,False,True,,2022-04-20 07:17:34.608404+00:00,,1,days
122,1367377,,,2,days,1650266254,,2022-04-20 07:17:34.776163+00:00,2022-04-18 08:17:34.776163,2,days,1650266254,True,True,,2022-04-20 07:17:34.776163+00:00,,2,days
123,1345727,,,3,days,1650179854,,2022-04-20 07:17:34.731204+00:00,2022-04-17 08:17:34.732202,3,days,1650179854,True,True,,2022-04-20 07:17:34.731204+00:00,,3,days
124,1274871,,,3,days,1650179854,,2022-04-20 07:17:34.648314+00:00,2022-04-17 08:17:34.649309,3,days,1650179854,False,True,,2022-04-20 07:17:34.648314+00:00,,3,days
125,1357700,,,4,days,1650093454,,2022-04-20 07:17:34.759119+00:00,2022-04-16 08:17:34.759119,4,days,1650093454,True,True,,2022-04-20 07:17:34.759119+00:00,,4,days
126,1354586,,,4,days,1650093454,,2022-04-20 07:17:34.702281+00:00,2022-04-16 08:17:34.702281,4,days,1650093454,True,True,,2022-04-20 07:17:34.702281+00:00,,4,days
127,1361387,,,5,days,1650007054,,2022-04-20 07:17:34.788160+00:00,2022-04-15 08:17:34.789158,5,days,1650007054,True,True,,2022-04-20 07:17:34.788160+00:00,,5,days
128,1355626,,,5,days,1650007054,,2022-04-20 07:17:34.698292+00:00,2022-04-15 08:17:34.699290,5,days,1650007054,False,True,,2022-04-20 07:17:34.698292+00:00,,5,days
129,1366628,,,5,days,1650007054,,2022-04-20 07:17:34.656424+00:00,2022-04-15 08:17:34.657422,5,days,1650007054,False,True,,2022-04-20 07:17:34.656424+00:00,,5,days
130,1367548,,,5,days,1650007054,,2022-04-20 07:17:34.638731+00:00,2022-04-15 08:17:34.639321,5,days,1650007054,False,True,,2022-04-20 07:17:34.638731+00:00,,5,days
131,1367191,,,5,days,1650007054,,2022-04-20 07:17:34.575514+00:00,2022-04-15 08:17:34.576514,5,days,1650007054,False,True,,2022-04-20 07:17:34.575514+00:00,,5,days
132,1365720,,,6,days,1649920654,,2022-04-20 07:17:34.816100+00:00,2022-04-14 08:17:34.816100,6,days,1649920654,True,True,,2022-04-20 07:17:34.816100+00:00,,6,days
133,1357722,,,6,days,1649920654,,2022-04-20 07:17:34.770231+00:00,2022-04-14 08:17:34.771087,6,days,1649920654,True,True,,2022-04-20 07:17:34.770231+00:00,,6,days
134,1355092,,,6,days,1649920654,,2022-04-20 07:17:34.708269+00:00,2022-04-14 08:17:34.708269,6,days,1649920654,True,True,,2022-04-20 07:17:34.708269+00:00,,6,days
135,1362062,,,1,weeks,1649834254,,2022-04-20 07:17:34.824072+00:00,2022-04-13 08:17:34.824072,1,weeks,1649834254,True,True,,2022-04-20 07:17:34.824072+00:00,,1,weeks
136,1355032,,,1,weeks,1649834254,,2022-04-20 07:17:34.818634+00:00,2022-04-13 08:17:34.819091,1,weeks,1649834254,True,True,,2022-04-20 07:17:34.818634+00:00,,1,weeks
137,1259264,,,1,weeks,1649834254,,2022-04-20 07:17:34.810168+00:00,2022-04-13 08:17:34.810168,1,weeks,1649834254,True,True,,2022-04-20 07:17:34.810168+00:00,,1,weeks
138,1352060,,,1,weeks,1649834254,,2022-04-20 07:17:34.804180+00:00,2022-04-13 08:17:34.804180,1,weeks,1649834254,True,True,,2022-04-20 07:17:34.804180+00:00,,1,weeks
139,1251489,,,1,weeks,1649834254,,2022-04-20 07:17:34.797200+00:00,2022-04-13 08:17:34.797571,1,weeks,1649834254,True,True,,2022-04-20 07:17:34.797200+00:00,,1,weeks
140,1322893,,,1,weeks,1649834254,,2022-04-20 07:17:34.779412+00:00,2022-04-13 08:17:34.780126,1,weeks,1649834254,True,True,,2022-04-20 07:17:34.779412+00:00,,1,weeks
141,1359831,,,1,weeks,1649834254,,2022-04-20 07:17:34.772112+00:00,2022-04-13 08:17:34.773113,1,weeks,1649834254,True,True,,2022-04-20 07:17:34.772112+00:00,,1,weeks
142,1336027,,,1,weeks,1649834254,,2022-04-20 07:17:34.767098+00:00,2022-04-13 08:17:34.768094,1,weeks,1649834254,True,True,,2022-04-20 07:17:34.767098+00:00,,1,weeks
143,1350327,,,1,weeks,1649834254,,2022-04-20 07:17:34.762112+00:00,2022-04-13 08:17:34.764105,1,weeks,1649834254,True,True,,2022-04-20 07:17:34.762112+00:00,,1,weeks
144,1227274,,,1,weeks,1649834254,,2022-04-20 07:17:34.756129+00:00,2022-04-13 08:17:34.756129,1,weeks,1649834254,True,True,,2022-04-20 07:17:34.756129+00:00,,1,weeks
145,1359379,,,1,weeks,1649834254,,2022-04-20 07:17:34.752139+00:00,2022-04-13 08:17:34.753136,1,weeks,1649834254,True,True,,2022-04-20 07:17:34.752139+00:00,,1,weeks
146,1359374,,,1,weeks,1649834254,,2022-04-20 07:17:34.741179+00:00,2022-04-13 08:17:34.742185,1,weeks,1649834254,True,True,,2022-04-20 07:17:34.741179+00:00,,1,weeks
147,1342257,,,1,weeks,1649834254,,2022-04-20 07:17:34.738186+00:00,2022-04-13 08:17:34.738597,1,weeks,1649834254,True,True,,2022-04-20 07:17:34.738186+00:00,,1,weeks
148,1360407,,,1,weeks,1649834254,,2022-04-20 07:17:34.735194+00:00,2022-04-13 08:17:34.735407,1,weeks,1649834254,True,True,,2022-04-20 07:17:34.735194+00:00,,1,weeks
149,1351188,,,1,weeks,1649834254,,2022-04-20 07:17:34.725365+00:00,2022-04-13 08:17:34.727682,1,weeks,1649834254,True,True,,2022-04-20 07:17:34.725365+00:00,,1,weeks
150,1350893,,,1,weeks,1649834254,,2022-04-20 07:17:34.705273+00:00,2022-04-13 08:17:34.705273,1,weeks,1649834254,True,True,,2022-04-20 07:17:34.705273+00:00,,1,weeks
151,1363585,,,1,weeks,1649834254,,2022-04-20 07:17:34.641316+00:00,2022-04-13 08:17:34.642314,1,weeks,1649834254,False,True,,2022-04-20 07:17:34.641316+00:00,,1,weeks
152,1343455,,,1,weeks,1649834254,,2022-04-20 07:17:34.632340+00:00,2022-04-13 08:17:34.632340,1,weeks,1649834254,False,True,,2022-04-20 07:17:34.632340+00:00,,1,weeks
153,1365963,,,1,weeks,1649834254,,2022-04-20 07:17:34.590419+00:00,2022-04-13 08:17:34.590419,1,weeks,1649834254,False,True,,2022-04-20 07:17:34.590419+00:00,,1,weeks
154,1361589,,,1,weeks,1649834254,,2022-04-20 07:17:34.587428+00:00,2022-04-13 08:17:34.588424,1,weeks,1649834254,False,True,,2022-04-20 07:17:34.587428+00:00,,1,weeks
155,1362761,,,1,weeks,1649834254,,2022-04-20 07:17:34.549590+00:00,2022-04-13 08:17:34.550583,1,weeks,1649834254,False,True,,2022-04-20 07:17:34.549590+00:00,,1,weeks
156,1355858,,,1,weeks,1649834254,,2022-04-20 07:17:34.539217+00:00,2022-04-13 08:17:34.539710,1,weeks,1649834254,False,True,,2022-04-20 07:17:34.539217+00:00,,1,weeks
157,1322013,,,1,weeks,1649834254,,2022-04-20 07:17:34.534720+00:00,2022-04-13 08:17:34.535721,1,weeks,1649834254,False,True,,2022-04-20 07:17:34.534720+00:00,,1,weeks
158,1365523,,,1,weeks,1649834254,,2022-04-20 07:17:34.531673+00:00,2022-04-13 08:17:34.532671,1,weeks,1649834254,False,True,,2022-04-20 07:17:34.531673+00:00,,1,weeks
159,1360595,,,2,weeks,1649229454,,2022-04-20 07:17:34.668392+00:00,2022-04-06 08:17:34.669389,2,weeks,1649229454,False,True,,2022-04-20 07:17:34.668392+00:00,,2,weeks
160,1355959,,,2,weeks,1649229454,,2022-04-20 07:17:34.652302+00:00,2022-04-06 08:17:34.652302,2,weeks,1649229454,False,True,,2022-04-20 07:17:34.652302+00:00,,2,weeks
161,1360473,,,2,weeks,1649229454,,2022-04-20 07:17:34.635332+00:00,2022-04-06 08:17:34.636329,2,weeks,1649229454,False,True,,2022-04-20 07:17:34.635332+00:00,,2,weeks
162,1356029,,,2,weeks,1649229454,,2022-04-20 07:17:34.628351+00:00,2022-04-06 08:17:34.629348,2,weeks,1649229454,False,True,,2022-04-20 07:17:34.628351+00:00,,2,weeks
163,1352043,,,2,weeks,1649229454,,2022-04-20 07:17:34.582455+00:00,2022-04-06 08:17:34.583438,2,weeks,1649229454,False,True,,2022-04-20 07:17:34.582455+00:00,,2,weeks
164,1351507,,,2,weeks,1649229454,,2022-04-20 07:17:34.572523+00:00,2022-04-06 08:17:34.573520,2,weeks,1649229454,False,True,,2022-04-20 07:17:34.572523+00:00,,2,weeks
165,1328467,,,3,weeks,1648624654,,2022-04-20 07:17:34.691299+00:00,2022-03-30 08:17:34.692312,3,weeks,1648624654,False,True,,2022-04-20 07:17:34.691299+00:00,,3,weeks
166,1354403,,,3,weeks,1648624654,,2022-04-20 07:17:34.585434+00:00,2022-03-30 08:17:34.585434,3,weeks,1648624654,False,True,,2022-04-20 07:17:34.585434+00:00,,3,weeks
167,1339301,,,1,months,1647764254,,2022-04-20 07:17:34.546592+00:00,2022-03-20 08:17:34.547649,1,months,1647764254,False,True,,2022-04-20 07:17:34.546592+00:00,,1,months
